"column_header";"table";"raw_table";"variable";"column_description";"column_unit";"std_header";"header_fun";"header_fun_args";"std_description";"std_unit";"code_mappings";"values_fun";"values_fun_args";"comments"
"EXP_NAME";"EXPERIMENTS";".";"EXP_NAME";"";"";"EXP_NAME";"";"";"";"";"";"";"";""
"PERSONS";"EXPERIMENTS";".";"PERSONS";"";"";"PERSONS";"";"";"";"";"";"";"";""
"ADDRESS";"EXPERIMENTS";".";"ADDRESS";"";"";"ADDRESS";"";"";"";"";"";"";"";""
"NOTES";"EXPERIMENTS";".";"NOTES";"";"";"NOTES";"";"";"";"";"";"";"";""
"SOIL_ID";"EXPERIMENTS";NA;NA;"";"";"SOIL_ID";"";"";"";"";"";"";"";"new variable"
"WEATHER_ID";"EXPERIMENTS";NA;NA;"";"";"WID";"";"";"";"";"";"";"";"new variable"
"Versuchsaufbau_ID";"EXPERIMENTS";".";"Versuchsaufbau_ID";"";"";"";"";"";"";"";"";"";"";""
"Versuchsjahr";"EXPERIMENTS";".";"Versuchsjahr";"Experimental year (=year of (scheduled) harvest)";"yyyy";"Year";"";"";"";"yyyy";"";"";"";""
"Bewaesserung";"EXPERIMENTS";".";"Bewaesserung";"";"";"";"";"";"";"";"";"";"";""
"KULTUR.Kultur";"EXPERIMENTS";"KULTUR";"Kultur";"Name of cultivated crop";"text";"";"";"";"";"";"";"";"";""
"KULTUR.Kultur_Botanisch";"EXPERIMENTS";"KULTUR";"Kultur_Botanisch";"Botanical name of cultivated crop";"text";"";"";"";"";"";"";"";"";""
"KULTUR.Kultur_Englisch";"EXPERIMENTS";"KULTUR";"Kultur_Englisch";"English name of cultivated crop";"text";"CRID";"";"";"";"code";"list('Potato: POT', 'Winter wheat: WHT', 'Sugar beet: SBT', 'Spring barley: BAR', 'Winter barley: BAR', 'Maize: MAZ')";"";"";""
"KULTUR.Icc_Code";"EXPERIMENTS";"KULTUR";"Icc_Code";"ICC-Code of the cultivated crop (FAO)";"code";"";"";"";"";"";"";"";"";""
"PARZELLE.Hoehenlage_Min";"EXPERIMENTS";"PARZELLE";"Hoehenlage_Min";"Lowest altitude within the trial area";"m";"";"";"";"";"m";"";"";"";""
"PARZELLE.Hoehenlage_Max";"EXPERIMENTS";"PARZELLE";"Hoehenlage_Max";"Highest altitude within the trial area";"m";"";"";"";"";"m";"";"";"";""
"PARZELLE.Beginn";"EXPERIMENTS";"PARZELLE";"Beginn";"Start of experiment";"yyyy";"";"";"";"";"";"";"";"";""
"PARZELLE.Ende";"EXPERIMENTS";"PARZELLE";"Ende";"End of experiment (keep empty if still running)";"yyyy";"";"";"";"";"";"";"";"";""
"PARZELLE.City";"EXPERIMENTS";"PARZELLE";"City";"";"";"";"";"";"";"";"";"";"";""
"FL_LON";"EXPERIMENTS";".";"FL_LON";"";"";"FL_LON";"";"";"";"";"";"";"";""
"FL_LAT";"EXPERIMENTS";".";"FL_LAT";"";"";"FL_LAT";"";"";"";"";"";"";"";""
"BEMERKUNGEN.Bemerkungen";"EXPERIMENTS";"BEMERKUNGEN";"Bemerkungen";"Contains extra information";"text";"";"";"";"";"";"";"";"";""
"ICPCR";"EXPERIMENTS";NA;NA;"";"";"ICPCR";"";"";"Residue, crop code for previous crop";"code";"list('Potato: POT', 'Winter wheat: WHT', 'Sugar beet: SBT', 'Spring barley: BAR', 'Winter barley: BAR', 'Maize: MAZ')";"";"";"new variable"
"FLELE";"EXPERIMENTS";NA;NA;NA;"m";"FLELE";"";"";"";"m";"";"function(x, y){ mean(x, y) }";"x=Hoehenlage_Min; y=Hoehenlage_Max";"new_variable"
"TRTNO";"TREATMENTS";".";"TRTNO";"";"";"TRTNO";"";"";"";"";"";"";"";""
"Versuchsjahr";"TREATMENTS";".";"Versuchsjahr";"Experimental year (=year of (scheduled) harvest)";"yyyy";"Year";"";"";"";"yyyy";"";"";"";""
"TRT_NAME";"TREATMENTS";NA;NA;NA;"text";"TRT_NAME";"";"";"";"text";"";"function(x, y){ paste(x, y, sep =  | ) }";"x=FAKTOR1_STUFE.Beschreibung ; y=FAKTOR2_STUFE.Beschreibung";"new variable"
"FAKTOR1_STUFE.Name";"TREATMENTS";"FAKTOR1_STUFE";"Name";"Name of the levels of fac1or 2";"text";"";"";"";"";"";"";"";"";""
"FAKTOR1_STUFE.Beschreibung";"TREATMENTS";"FAKTOR1_STUFE";"Beschreibung";"Description of the levels of factor 1";"text";"";"";"";"";"text";"";"";"";""
"FAKTOR.Name.x";"TREATMENTS";"FAKTOR";"Name";"Name of factor 1";"text";"";"";"";"";"";"";"";"";""
"FAKTOR2_STUFE.Name";"TREATMENTS";"FAKTOR2_STUFE";"Name";"Name of the levels of factor 2";"text";"";"";"";"";"";"";"";"";""
"FAKTOR2_STUFE.Beschreibung";"TREATMENTS";"FAKTOR2_STUFE";"Beschreibung";"Description of the levels of factor 2";"text";"";"";"";"";"text";"";"";"";""
"FAKTOR.Name.y";"TREATMENTS";"FAKTOR";"Name";"Name of factor 2";"text";"";"";"";"";"";"";"";"";""
"AU_ID";"TREATMENTS";".";"AU_ID";"";"";"PL";"";"";"";"";"";"";"";""
"BE_ID";"TREATMENTS";".";"BE_ID";"";"";"IR";"";"";"";"";"";"";"";""
"BE_ID";"TREATMENTS";".";"BE_ID";"";"";"";"";"";"";"";"";"";"";""
"BO_ID";"TREATMENTS";".";"BO_ID";"";"";"TI";"";"";"";"";"";"";"";""
"BO_ID";"TREATMENTS";".";"BO_ID";"";"";"";"";"";"";"";"";"";"";""
"PF_ID";"TREATMENTS";".";"PF_ID";"";"";"";"";"";"";"";"";"";"";""
"FL_ID";"TREATMENTS";".";"FL_ID";"";"";"";"";"";"";"";"";"";"";""
"HA_ID";"TREATMENTS";NA;NA;"";"";"HA";"";"";"";"";"";"";"";"new variable"
"CU_ID";"TREATMENTS";NA;NA;"";"";"GE";"";"";"";"";"";"";"";"new variable"
"FE_ID";"TREATMENTS";NA;NA;"";"";"FE";"";"";"";"";"";"";"";"new variable"
"OM_ID";"TREATMENTS";NA;NA;"";"";"OM";"";"";"";"";"";"";"";"new variable"
"BO_ID";"TILLAGE";".";"BO_ID";"";"";"TI";"";"";"";"";"";"";"";""
"BO_ID";"TILLAGE";".";"BO_ID";"";"";"";"";"";"";"";"";"";"";""
"Versuchsjahr";"TILLAGE";".";"Versuchsjahr";"Experimental year (=year of (scheduled) harvest)";"yyyy";"Year";"";"";"";"yyyy";"";"";"";""
"BODENBEARBEITUNG.Termin";"TILLAGE";"BODENBEARBEITUNG";"Termin";"Date of tillage";"date";"TDATE";"";"";"";"date";"";"";"";""
"BODENBEARBEITUNG.Tiefe";"TILLAGE";"BODENBEARBEITUNG";"Tiefe";"Tillage depth in cm";"cm";"TIDEP";"";"";"";"cm";"";"";"";""
"BEMERKUNGEN.Bemerkungen";"TILLAGE";"BEMERKUNGEN";"Bemerkungen";"Contains extra information";"text";"";"";"";"";"";"";"";"";""
"BODENBEARBEITUNG_MASSNAHME.Massnahme";"TILLAGE";"BODENBEARBEITUNG_MASSNAHME";"Massnahme";"Name of tillage";"text";"TI_NAME";"";"";"";"text";"";"";"";""
"TECHNIK.Technik";"TILLAGE";"TECHNIK";"Technik";"Name of the machine/agricultural engineering";"text";"HARM";"";"";"";"code";"list('Kartoffeln Sammelroder: HM999', 'Getreide-Mähdrescher: HM999', 'Feldhäcksler: HM999', 'Blatternte: HM999', 'Zuckerrüben Rodelader Selbstfahrer: HM999')";"";"";""
"TECHNIK.Technik";"TILLAGE";"TECHNIK";"Technik";"Name of the machine/agricultural engineering";"text";"";"";"";"";"";"";"";"";"PLDS=R; PLMA=S; (deducted)"
"TECHNIK.Technik";"TILLAGE";"TECHNIK";"Technik";"Name of the machine/agricultural engineering";"text";"TIIMP";"";"";"";"code";"list('Aufsattelbeetpflug: TI041', 'Kartoffelstriegel: TI014', 'Kreiselegge: TI038', 'Maishacke: TI035', 'Rübenhacke: TI035', 'Walze: TI024', 'Grubber: TI011', 'Scheibenegge: TI008')";"";"";""
"TECHNIK.Technik";"TILLAGE";"TECHNIK";"Technik";"Name of the machine/agricultural engineering";"text";"*cond";"function(df) { if(df$Mineralisch==1, FECD, OMCD }";"df=DUENGUNG";"";"code";"list('Stalldungstreuer: AP001', 'Düngerstreuer: AP001')";"";"";""
"TECHNIK.Technik";"TILLAGE";"TECHNIK";"Technik";"Name of the machine/agricultural engineering";"text";"CHACD";"";"";"";"code";"list('Pflanzenschutzspritze: AP006')";"";"";""
"TECHNIK.Beschreibung";"TILLAGE";"TECHNIK";"Beschreibung";"Additional information about the agricultural engineering";"text";"";"";"";"";"";"";"";"";""
"TECHNIK.Arbeitsbreite";"TILLAGE";"TECHNIK";"Arbeitsbreite";"Working width of the agricultural machine (in m)";"m";"";"";"";"";"";"";"";"";""
"TECHNIK.Reihenabstand";"TILLAGE";"TECHNIK";"Reihenabstand";"Row distance (in cm)";"cm";"";"";"";"";"";"";"";"";""
"TECHNIK.Reihenanzahl";"TILLAGE";"TECHNIK";"Reihenanzahl";"Number of aggregates, e.g. drill rows per drill equipment";"number";"";"";"";"";"";"";"";"";""
"AU_ID";"PLANTINGS";".";"AU_ID";"";"";"PL";"";"";"";"";"";"";"";""
"Versuchsjahr";"PLANTINGS";".";"Versuchsjahr";"Experimental year (=year of (scheduled) harvest)";"yyyy";"Year";"";"";"";"yyyy";"";"";"";""
"AUSSAAT.Termin";"PLANTINGS";"AUSSAAT";"Termin";"Date of sowing";"date";"PLDATE";"";"";"";"date";"";"";"";""
"AUSSAAT.Termin_Aufgang";"PLANTINGS";"AUSSAAT";"Termin_Aufgang";"Date of field emergence";"date";"EDATE";"";"";"";"date";"";"";"";""
"AUSSAAT.Saatstaerke_kg_ha";"PLANTINGS";"AUSSAAT";"Saatstaerke_kg_ha";"Total mass of seeded grains in kg per hectare";"kg/ha";"PLMWT";"";"";"";"kg/ha";"";"";"";""
"AUSSAAT.Reihenabstand";"PLANTINGS";"AUSSAAT";"Reihenabstand";"Row distance in cm";"cm";"PLRS";"";"";"";"cm";"";"";"";""
"AUSSAAT.Pflanzenabstand";"PLANTINGS";"AUSSAAT";"Pflanzenabstand";"Distance of plants within the row in cm (added)";"cm";"PLSP";"";"";"";"cm";"";"";"";""
"AUSSAAT.Keimfaehige_Koerner";"PLANTINGS";"AUSSAAT";"Keimfaehige_Koerner";"Number of germinable seeds per m² (grain, corn, beet) and per hectare (potatos)";"*number/m2";"PLPOP";"";"";"";"number/m2";"";"";"";""
"Kultur_ID";"PLANTINGS";".";"Kultur_ID";"";"";"";"";"";"";"";"";"";"";""
"BEMERKUNGEN.Bemerkungen";"PLANTINGS";"BEMERKUNGEN";"Bemerkungen";"Contains extra information";"text";"";"";"";"";"";"";"";"";""
"TECHNIK.Technik";"PLANTINGS";"TECHNIK";"Technik";"Name of the machine/agricultural engineering";"text";"HARM";"";"";"";"code";"list('Kartoffeln Sammelroder: HM999', 'Getreide-Mähdrescher: HM999', 'Feldhäcksler: HM999', 'Blatternte: HM999', 'Zuckerrüben Rodelader Selbstfahrer: HM999')";"";"";""
"TECHNIK.Technik";"PLANTINGS";"TECHNIK";"Technik";"Name of the machine/agricultural engineering";"text";"";"";"";"";"";"";"";"";"PLDS=R; PLMA=S; (deducted)"
"TECHNIK.Technik";"PLANTINGS";"TECHNIK";"Technik";"Name of the machine/agricultural engineering";"text";"TIIMP";"";"";"";"code";"list('Aufsattelbeetpflug: TI041', 'Kartoffelstriegel: TI014', 'Kreiselegge: TI038', 'Maishacke: TI035', 'Rübenhacke: TI035', 'Walze: TI024', 'Grubber: TI011', 'Scheibenegge: TI008')";"";"";""
"TECHNIK.Technik";"PLANTINGS";"TECHNIK";"Technik";"Name of the machine/agricultural engineering";"text";"*cond";"function(df) { if(df$Mineralisch==1, FECD, OMCD }";"df=DUENGUNG";"";"code";"list('Stalldungstreuer: AP001', 'Düngerstreuer: AP001')";"";"";""
"TECHNIK.Technik";"PLANTINGS";"TECHNIK";"Technik";"Name of the machine/agricultural engineering";"text";"CHACD";"";"";"";"code";"list('Pflanzenschutzspritze: AP006')";"";"";""
"TECHNIK.Beschreibung";"PLANTINGS";"TECHNIK";"Beschreibung";"Additional information about the agricultural engineering";"text";"";"";"";"";"";"";"";"";""
"TECHNIK.Arbeitsbreite";"PLANTINGS";"TECHNIK";"Arbeitsbreite";"Working width of the agricultural machine (in m)";"m";"";"";"";"";"";"";"";"";""
"TECHNIK.Reihenabstand";"PLANTINGS";"TECHNIK";"Reihenabstand";"Row distance (in cm)";"cm";"";"";"";"";"";"";"";"";""
"TECHNIK.Reihenanzahl";"PLANTINGS";"TECHNIK";"Reihenanzahl";"Number of aggregates, e.g. drill rows per drill equipment";"number";"";"";"";"";"";"";"";"";""
"CU_ID";"CULTIVARS";NA;NA;"";"";"GE";"";"";"";"";"";"";"";"new variable"
"Versuchsjahr";"CULTIVARS";".";"Versuchsjahr";"Experimental year (=year of (scheduled) harvest)";"yyyy";"Year";"";"";"";"yyyy";"";"";"";""
"TRTNO";"CULTIVARS";".";"TRTNO";"";"";"TRTNO";"";"";"";"";"";"";"";""
"SORTE.Sorte";"CULTIVARS";"SORTE";"Sorte";"Name of variety";"text";"CUL_ORIG";"";"";"";"text";"";"";"";""
"SORTE.Bsa_Code";"CULTIVARS";"SORTE";"Bsa_Code";"BSA-Code";"code";"";"";"";"";"";"";"";"";""
"FE_ID";"FERTILIZERS";NA;NA;"";"";"FE";"";"";"";"";"";"";"";"new variable"
"Versuchsjahr";"FERTILIZERS";".";"Versuchsjahr";"Experimental year (=year of (scheduled) harvest)";"yyyy";"Year";"";"";"";"yyyy";"";"";"";""
"DUENGUNG.Termin";"FERTILIZERS";"DUENGUNG";"Termin";"Date of fertilization";"date";"*cond";"function(df) { if(df$Mineralisch==1, FEDATE, OMDAT }";"df=DUENGUNG";"";"date";"";"";"";""
"DUENGUNG.Stickstoff_min";"FERTILIZERS";"DUENGUNG";"Stickstoff_min";"Mass of nitrogen (kg per hectare, pure nutrient) which was applied to the plot with mineral fertilizer";"kg/ha";"FEAMN";"";"";"";"kg/ha";"";"";"";""
"DUENGUNG.Phosphor";"FERTILIZERS";"DUENGUNG";"Phosphor";"Mass of phosphorus (kg per ha, pure nutrient) which was applied to the plot with mineral fertilizer";"kg/ha";"FEAMP";"";"";"";"kg/ha";"";"";"";""
"DUENGUNG.Kalium";"FERTILIZERS";"DUENGUNG";"Kalium";"Mass of potassium (kg per ha, pure nutrient) which was applied to the plot with mineral fertilizer";"kg/ha";"FEAMK";"";"";"";"kg/ha";"";"";"";""
"DUENGUNG.Kalzium";"FERTILIZERS";"DUENGUNG";"Kalzium";"Amount of calcium (kg per hectare, pure nutrient) which was applied to the plot with mineral fertilizer";"kg/ha";"FEAMC";"";"";"";"kg/ha";"";"";"";""
"DUENGEMITTEL.Name";"FERTILIZERS";"DUENGEMITTEL";"Name";"Name of fertilizer";"text";"*cond";"function(df) { if(df$Mineralisch==1, FEACD, OMACD }";"df=DUENGUNG";"Fertilizer material";"code";"list('Branntkalk: FE621', 'Kalkammonsalpeter: FE041', 'Mg-Mergel 45%: FE900', 'Superphosphat, 40%iges Kali: FE013', 'Superphosphat, 40%iges Kali, Kalkmergel: FE013', 'Superphosphat, Kamex: FE013')";"";"";""
"TECHNIK.Technik";"FERTILIZERS";"TECHNIK";"Technik";"Name of the machine/agricultural engineering";"text";"HARM";"";"";"";"code";"list('Kartoffeln Sammelroder: HM999', 'Getreide-Mähdrescher: HM999', 'Feldhäcksler: HM999', 'Blatternte: HM999', 'Zuckerrüben Rodelader Selbstfahrer: HM999')";"";"";""
"TECHNIK.Technik";"FERTILIZERS";"TECHNIK";"Technik";"Name of the machine/agricultural engineering";"text";"";"";"";"";"";"";"";"";"PLDS=R; PLMA=S; (deducted)"
"TECHNIK.Technik";"FERTILIZERS";"TECHNIK";"Technik";"Name of the machine/agricultural engineering";"text";"TIIMP";"";"";"";"code";"list('Aufsattelbeetpflug: TI041', 'Kartoffelstriegel: TI014', 'Kreiselegge: TI038', 'Maishacke: TI035', 'Rübenhacke: TI035', 'Walze: TI024', 'Grubber: TI011', 'Scheibenegge: TI008')";"";"";""
"TECHNIK.Technik";"FERTILIZERS";"TECHNIK";"Technik";"Name of the machine/agricultural engineering";"text";"*cond";"function(df) { if(df$Mineralisch==1, FECD, OMCD }";"df=DUENGUNG";"";"code";"list('Stalldungstreuer: AP001', 'Düngerstreuer: AP001')";"";"";""
"TECHNIK.Technik";"FERTILIZERS";"TECHNIK";"Technik";"Name of the machine/agricultural engineering";"text";"CHACD";"";"";"";"code";"list('Pflanzenschutzspritze: AP006')";"";"";""
"TECHNIK.Beschreibung";"FERTILIZERS";"TECHNIK";"Beschreibung";"Additional information about the agricultural engineering";"text";"";"";"";"";"";"";"";"";""
"OM_ID";"ORGANIC_MATERIALS";NA;NA;"";"";"OM";"";"";"";"";"";"";"";"new variable"
"Versuchsjahr";"ORGANIC_MATERIALS";".";"Versuchsjahr";"Experimental year (=year of (scheduled) harvest)";"yyyy";"Year";"";"";"";"yyyy";"";"";"";""
"DUENGUNG.Termin";"ORGANIC_MATERIALS";"DUENGUNG";"Termin";"Date of fertilization";"date";"*cond";"function(df) { if(df$Mineralisch==1, FEDATE, OMDAT }";"df=DUENGUNG";"";"date";"";"";"";""
"DUENGUNG.Stickstoff_org";"ORGANIC_MATERIALS";"DUENGUNG";"Stickstoff_org";"Mass of nitrogen (kg per hectare, pure nutrient) which was applied to the plot with organic fertilizer";"kg/ha";"";"";"";"";"";"";"";"";""
"DUENGUNG.Kalzium";"ORGANIC_MATERIALS";"DUENGUNG";"Kalzium";"Amount of calcium (kg per hectare, pure nutrient) which was applied to the plot with mineral fertilizer";"kg/ha";"FEAMC";"";"";"";"kg/ha";"";"";"";""
"DUENGEMITTEL.Name";"ORGANIC_MATERIALS";"DUENGEMITTEL";"Name";"Name of fertilizer";"text";"*cond";"function(df) { if(df$Mineralisch==1, FEACD, OMACD }";"df=DUENGUNG";"Fertilizer material";"code";"list('Branntkalk: FE621', 'Kalkammonsalpeter: FE041', 'Mg-Mergel 45%: FE900', 'Superphosphat, 40%iges Kali: FE013', 'Superphosphat, 40%iges Kali, Kalkmergel: FE013', 'Superphosphat, Kamex: FE013')";"";"";""
"TECHNIK.Technik";"ORGANIC_MATERIALS";"TECHNIK";"Technik";"Name of the machine/agricultural engineering";"text";"HARM";"";"";"";"code";"list('Kartoffeln Sammelroder: HM999', 'Getreide-Mähdrescher: HM999', 'Feldhäcksler: HM999', 'Blatternte: HM999', 'Zuckerrüben Rodelader Selbstfahrer: HM999')";"";"";""
"TECHNIK.Technik";"ORGANIC_MATERIALS";"TECHNIK";"Technik";"Name of the machine/agricultural engineering";"text";"";"";"";"";"";"";"";"";"PLDS=R; PLMA=S; (deducted)"
"TECHNIK.Technik";"ORGANIC_MATERIALS";"TECHNIK";"Technik";"Name of the machine/agricultural engineering";"text";"TIIMP";"";"";"";"code";"list('Aufsattelbeetpflug: TI041', 'Kartoffelstriegel: TI014', 'Kreiselegge: TI038', 'Maishacke: TI035', 'Rübenhacke: TI035', 'Walze: TI024', 'Grubber: TI011', 'Scheibenegge: TI008')";"";"";""
"TECHNIK.Technik";"ORGANIC_MATERIALS";"TECHNIK";"Technik";"Name of the machine/agricultural engineering";"text";"*cond";"function(df) { if(df$Mineralisch==1, FECD, OMCD }";"df=DUENGUNG";"";"code";"list('Stalldungstreuer: AP001', 'Düngerstreuer: AP001')";"";"";""
"TECHNIK.Technik";"ORGANIC_MATERIALS";"TECHNIK";"Technik";"Name of the machine/agricultural engineering";"text";"CHACD";"";"";"";"code";"list('Pflanzenschutzspritze: AP006')";"";"";""
"TECHNIK.Beschreibung";"ORGANIC_MATERIALS";"TECHNIK";"Beschreibung";"Additional information about the agricultural engineering";"text";"";"";"";"";"";"";"";"";""
"BE_ID";"IRRIGATION";".";"BE_ID";"";"";"IR";"";"";"";"";"";"";"";""
"BE_ID";"IRRIGATION";".";"BE_ID";"";"";"";"";"";"";"";"";"";"";""
"Versuchsjahr";"IRRIGATION";".";"Versuchsjahr";"Experimental year (=year of (scheduled) harvest)";"yyyy";"Year";"";"";"";"yyyy";"";"";"";""
"BEREGNUNG.Termin";"IRRIGATION";"BEREGNUNG";"Termin";"Date of irrigation";"date";"IDATE";"";"";"";"date";"";"";"";""
"BEREGNUNG.Menge";"IRRIGATION";"BEREGNUNG";"Menge";"Amount of irrigation";"mm";"IRVAL";"";"";"";"mm";"";"";"";""
"PF_ID";"CHEMICALS";".";"PF_ID";"";"";"";"";"";"";"";"";"";"";""
"Versuchsjahr";"CHEMICALS";".";"Versuchsjahr";"Experimental year (=year of (scheduled) harvest)";"yyyy";"Year";"";"";"";"yyyy";"";"";"";""
"PFLANZENSCHUTZ.Termin";"CHEMICALS";"PFLANZENSCHUTZ";"Termin";"Date of plant protection measure";"date";"CDATE";"";"";"";"date";"";"";"";""
"Kultur_ID";"CHEMICALS";".";"Kultur_ID";"";"";"";"";"";"";"";"";"";"";""
"PFLANZENSCHUTZ.Menge";"CHEMICALS";"PFLANZENSCHUTZ";"Menge";"Amount of applied plant protection. The unit differs according to the used product.";"*kg/ha";"CHAMT";"";"";"";"kg/ha";"";"";"";""
"BEMERKUNGEN.Bemerkungen";"CHEMICALS";"BEMERKUNGEN";"Bemerkungen";"Contains extra information";"text";"";"";"";"";"";"";"";"";""
"INDIKATION.Indikation";"CHEMICALS";"INDIKATION";"Indikation";"Description of indication";"text";"";"";"";"";"";"";"";"";""
"PFLANZENSCHUTZ_MITTEL.Name";"CHEMICALS";"PFLANZENSCHUTZ_MITTEL";"Name";"Name of plant protection product";"text";"*CHCD";"";"";"";"code";"list('80% Maneb: CH054', '380 g/l Dimethoat: CH024', '50% Benomyl: CH052', '50% Metalaxyl + 80% Zineb: CH053', '600 g/l 2,4-D: CH006', '90% 2,4-D: CH006', '375 g/l Dichlorprop + 125 g/l MCPA: CH005', '250 g/l Propiconazol: CH056', '500 g/l MCPA: CH005', '7% Parathion-methyl: CH033', '7% Parathion: CH032', '80% Zineb: CH053', '90% Zineb: CH053')";"function(x, y){ paste(x, y, sep =  | ) }";"x=PFLANZENSCHUTZ_MITTEL.Name ; y=PFLANZENSCHUTZ_MITTEL.Wirkstoff";"perhaps merge with Wirkstoff as ICASA codes for chemicals are consistently either product or active substance"
"PFLANZENSCHUTZ_MITTEL.Wirkstoff";"CHEMICALS";"PFLANZENSCHUTZ_MITTEL";"Wirkstoff";"Active substance in the plant protection product";"text";"CHCD";"";"";"";"code";"list('80% Maneb: CH054', '380 g/l Dimethoat: CH024', '50% Benomyl: CH052', '50% Metalaxyl + 80% Zineb: CH053', '600 g/l 2,4-D: CH006', '90% 2,4-D: CH006', '375 g/l Dichlorprop + 125 g/l MCPA: CH005', '250 g/l Propiconazol: CH056', '500 g/l MCPA: CH005', '7% Parathion-methyl: CH033', '7% Parathion: CH032', '80% Zineb: CH053', '90% Zineb: CH053')";"function(x, y){ paste(x, y, sep =  | ) }";"x=PFLANZENSCHUTZ_MITTEL.Name ; y=PFLANZENSCHUTZ_MITTEL.Wirkstoff";""
"TECHNIK.Technik";"CHEMICALS";"TECHNIK";"Technik";"Name of the machine/agricultural engineering";"text";"HARM";"";"";"";"code";"list('Kartoffeln Sammelroder: HM999', 'Getreide-Mähdrescher: HM999', 'Feldhäcksler: HM999', 'Blatternte: HM999', 'Zuckerrüben Rodelader Selbstfahrer: HM999')";"";"";""
"TECHNIK.Technik";"CHEMICALS";"TECHNIK";"Technik";"Name of the machine/agricultural engineering";"text";"";"";"";"";"";"";"";"";"PLDS=R; PLMA=S; (deducted)"
"TECHNIK.Technik";"CHEMICALS";"TECHNIK";"Technik";"Name of the machine/agricultural engineering";"text";"TIIMP";"";"";"";"code";"list('Aufsattelbeetpflug: TI041', 'Kartoffelstriegel: TI014', 'Kreiselegge: TI038', 'Maishacke: TI035', 'Rübenhacke: TI035', 'Walze: TI024', 'Grubber: TI011', 'Scheibenegge: TI008')";"";"";""
"TECHNIK.Technik";"CHEMICALS";"TECHNIK";"Technik";"Name of the machine/agricultural engineering";"text";"*cond";"function(df) { if(df$Mineralisch==1, FECD, OMCD }";"df=DUENGUNG";"";"code";"list('Stalldungstreuer: AP001', 'Düngerstreuer: AP001')";"";"";""
"TECHNIK.Technik";"CHEMICALS";"TECHNIK";"Technik";"Name of the machine/agricultural engineering";"text";"CHACD";"";"";"";"code";"list('Pflanzenschutzspritze: AP006')";"";"";""
"TECHNIK.Beschreibung";"CHEMICALS";"TECHNIK";"Beschreibung";"Additional information about the agricultural engineering";"text";"";"";"";"";"";"";"";"";""
"TECHNIK.Arbeitsbreite";"CHEMICALS";"TECHNIK";"Arbeitsbreite";"Working width of the agricultural machine (in m)";"m";"";"";"";"";"";"";"";"";""
"TECHNIK.Reihenabstand";"CHEMICALS";"TECHNIK";"Reihenabstand";"Row distance (in cm)";"cm";"";"";"";"";"";"";"";"";""
"TECHNIK.Reihenanzahl";"CHEMICALS";"TECHNIK";"Reihenanzahl";"Number of aggregates, e.g. drill rows per drill equipment";"number";"";"";"";"";"";"";"";"";""
"Versuchsjahr";"OBSERVED_Summary";".";"Versuchsjahr";"Experimental year (=year of (scheduled) harvest)";"yyyy";"Year";"";"";"";"yyyy";"";"";"";""
"TRTNO";"OBSERVED_Summary";".";"TRTNO";"";"";"TRTNO";"";"";"";"";"";"";"";""
"BODENBIOLOGIE.Glucose";"OBSERVED_Summary";"BODENBIOLOGIE";"Glucose";"";"";"";"";"";"";"";"";"";"";""
"BODENBIOLOGIE.Katalase";"OBSERVED_Summary";"BODENBIOLOGIE";"Katalase";"";"";"";"";"";"";"";"";"";"";""
"BODENBIOLOGIE.Regenwurm_Zahl_juv";"OBSERVED_Summary";"BODENBIOLOGIE";"Regenwurm_Zahl_juv";"";"";"";"";"";"";"";"";"";"";""
"BODENBIOLOGIE.Regenwurm_Zahl_adult";"OBSERVED_Summary";"BODENBIOLOGIE";"Regenwurm_Zahl_adult";"";"";"";"";"";"";"";"";"";"";""
"BODENBIOLOGIE.Regenwurm_Zahl_ges";"OBSERVED_Summary";"BODENBIOLOGIE";"Regenwurm_Zahl_ges";"";"";"";"";"";"";"";"";"";"";""
"BODENBIOLOGIE.Regenwurm_Biomasse_juv";"OBSERVED_Summary";"BODENBIOLOGIE";"Regenwurm_Biomasse_juv";"";"";"";"";"";"";"";"";"";"";""
"BODENBIOLOGIE.Regenwurm_Biomasse_adult";"OBSERVED_Summary";"BODENBIOLOGIE";"Regenwurm_Biomasse_adult";"";"";"";"";"";"";"";"";"";"";""
"BODENBIOLOGIE.Regenwurm_Biomasse_ges";"OBSERVED_Summary";"BODENBIOLOGIE";"Regenwurm_Biomasse_ges";"";"";"";"";"";"";"";"";"";"";""
"BONITUR.Aufgang";"OBSERVED_Summary";"BONITUR";"Aufgang";"";"";"";"";"";"";"";"";"";"";""
"BONITUR.Ueberwinterung";"OBSERVED_Summary";"BONITUR";"Ueberwinterung";"";"";"";"";"";"";"";"";"";"";""
"BONITUR.Jugendentwicklung";"OBSERVED_Summary";"BONITUR";"Jugendentwicklung";"";"";"";"";"";"";"";"";"";"";""
"BONITUR.Reihenschliessen";"OBSERVED_Summary";"BONITUR";"Reihenschliessen";"";"";"";"";"";"";"";"";"";"";""
"BONITUR.Aehrenschieben";"OBSERVED_Summary";"BONITUR";"Aehrenschieben";"";"";"";"";"";"";"";"";"";"";""
"BONITUR.Bluehbeginn";"OBSERVED_Summary";"BONITUR";"Bluehbeginn";"";"";"";"";"";"";"";"";"";"";""
"BONITUR.Allg_Eindruck";"OBSERVED_Summary";"BONITUR";"Allg_Eindruck";"";"";"";"";"";"";"";"";"";"";""
"BONITUR.Standfestigkeit";"OBSERVED_Summary";"BONITUR";"Standfestigkeit";"";"";"";"";"";"";"";"";"";"";""
"BONITUR.Gelbreife";"OBSERVED_Summary";"BONITUR";"Gelbreife";"";"";"";"";"";"";"";"";"";"";""
"BEMERKUNGEN.Bemerkungen.x";"OBSERVED_Summary";NA;NA;NA;NA;NA;NA;NA;NA;NA;NA;NA;NA;NA
"BODENLABORWERTE.Trockenrohdichte";"OBSERVED_Summary";"BODENLABORWERTE";"Trockenrohdichte";"";"";"";"";"";"";"";"";"";"";""
"BODENLABORWERTE.Porenvolumen";"OBSERVED_Summary";"BODENLABORWERTE";"Porenvolumen";"";"";"";"";"";"";"";"";"";"";""
"BODENLABORWERTE.Grobporen";"OBSERVED_Summary";"BODENLABORWERTE";"Grobporen";"";"";"";"";"";"";"";"";"";"";""
"BODENLABORWERTE.kF";"OBSERVED_Summary";"BODENLABORWERTE";"kF";"";"";"";"";"";"";"";"";"";"";""
"BODENLABORWERTE.NO3_N";"OBSERVED_Summary";"BODENLABORWERTE";"NO3_N";"";"";"";"";"";"";"";"";"";"";""
"BODENLABORWERTE.NH4_N";"OBSERVED_Summary";"BODENLABORWERTE";"NH4_N";"";"";"";"";"";"";"";"";"";"";""
"BODENLABORWERTE.Nmin";"OBSERVED_Summary";"BODENLABORWERTE";"Nmin";"";"";"";"";"";"";"";"";"";"";""
"BODENLABORWERTE.Nt";"OBSERVED_Summary";"BODENLABORWERTE";"Nt";"";"";"";"";"";"";"";"";"";"";""
"BODENLABORWERTE.Nhwl";"OBSERVED_Summary";"BODENLABORWERTE";"Nhwl";"";"";"";"";"";"";"";"";"";"";""
"BODENLABORWERTE.Cmik";"OBSERVED_Summary";"BODENLABORWERTE";"Cmik";"";"";"";"";"";"";"";"";"";"";""
"BODENLABORWERTE.Ct";"OBSERVED_Summary";"BODENLABORWERTE";"Ct";"";"";"";"";"";"";"";"";"";"";""
"BODENLABORWERTE.Chwl";"OBSERVED_Summary";"BODENLABORWERTE";"Chwl";"";"";"";"";"";"";"";"";"";"";""
"BODENLABORWERTE.CN_Verhaeltnis";"OBSERVED_Summary";"BODENLABORWERTE";"CN_Verhaeltnis";"";"";"";"";"";"";"";"";"";"";""
"BODENLABORWERTE.pH";"OBSERVED_Summary";"BODENLABORWERTE";"pH";"";"";"";"";"";"";"";"";"";"";""
"BODENLABORWERTE.P";"OBSERVED_Summary";"BODENLABORWERTE";"P";"";"";"";"";"";"";"";"";"";"";""
"BODENLABORWERTE.K";"OBSERVED_Summary";"BODENLABORWERTE";"K";"";"";"";"";"";"";"";"";"";"";""
"PFLANZENLABORWERTE.P2O5";"OBSERVED_Summary";"PFLANZENLABORWERTE";"P2O5";"";"";"";"";"";"";"";"";"";"";""
"PFLANZENLABORWERTE.K2O";"OBSERVED_Summary";"PFLANZENLABORWERTE";"K2O";"";"";"";"";"";"";"";"";"";"";""
"PFLANZENLABORWERTE.N";"OBSERVED_Summary";"PFLANZENLABORWERTE";"N";"";"";"";"";"";"";"";"";"";"";""
"PFLANZENLABORWERTE.Ertrag_Staerke";"OBSERVED_Summary";"PFLANZENLABORWERTE";"Ertrag_Staerke";"";"";"";"";"";"";"";"";"";"";""
"PFLANZENLABORWERTE.Gehalt_Staerke";"OBSERVED_Summary";"PFLANZENLABORWERTE";"Gehalt_Staerke";"";"";"";"";"";"";"";"";"";"";""
"PFLANZENLABORWERTE.Gehalt_Zucker";"OBSERVED_Summary";"PFLANZENLABORWERTE";"Gehalt_Zucker";"";"";"";"";"";"";"";"";"";"";""
"PFLANZENLABORWERTE.Blauzahl";"OBSERVED_Summary";"PFLANZENLABORWERTE";"Blauzahl";"";"";"";"";"";"";"";"";"";"";""
"PFLANZENLABORWERTE.Loesl_Trockensubstanz";"OBSERVED_Summary";"PFLANZENLABORWERTE";"Loesl_Trockensubstanz";"";"";"";"";"";"";"";"";"";"";""
"PFLANZENLABORWERTE.Loesl_Asche";"OBSERVED_Summary";"PFLANZENLABORWERTE";"Loesl_Asche";"";"";"";"";"";"";"";"";"";"";""
"BEMERKUNGEN.Bemerkungen.y";"OBSERVED_Summary";NA;NA;NA;NA;NA;NA;NA;NA;NA;NA;NA;NA;NA
"HA_type";"OBSERVED_TimeSeries";NA;NA;"";"";"";"";"";"";"";"";"";"";"new variable"
"Versuchsjahr";"OBSERVED_TimeSeries";".";"Versuchsjahr";"Experimental year (=year of (scheduled) harvest)";"yyyy";"Year";"";"";"";"yyyy";"";"";"";""
"TRTNO";"OBSERVED_TimeSeries";".";"TRTNO";"";"";"TRTNO";"";"";"";"";"";"";"";""
"ERNTE.Termin";"OBSERVED_TimeSeries";"ERNTE";"Termin";"Date of harvest";"date";"HADAT";"";"";"";"date";"";"";"";""
"ERNTE.Ganzflaechig";"OBSERVED_TimeSeries";"ERNTE";"Ganzflaechig";"Was the whole field / plot harvested? Yes=1 ; No or sub-areas=0";"boolean";"";"";"";"";"";"";"";"";""
"ERTRAG.Hp_Frischmasse";"OBSERVED_TimeSeries";"ERTRAG";"Hp_Frischmasse";"Fresh matter of the harvested main product, e.g. grains";"dt/ha";"HFAH";"";"";"";"Mg/ha";"";"";"";""
"ERTRAG.Hp_Trockenmasse";"OBSERVED_TimeSeries";"ERTRAG";"Hp_Trockenmasse";"Dry matter of the harvested main product, e.g. grains";"dt/ha";"HWAH";"";"";"";"kg/ha";"";"";"";""
"ERTRAG.Hp_Trockensubstanzgehalt";"OBSERVED_TimeSeries";"ERTRAG";"Hp_Trockensubstanzgehalt";"";"";"";"";"";"";"";"";"";"";""
"ERTRAG.Np_Frischmasse";"OBSERVED_TimeSeries";"ERTRAG";"Np_Frischmasse";"Fresh matter of the harvested by-product, e.g. straw";"dt/ha";"";"";"";"";"";"";"";"";""
"ERTRAG.Np_Trockenmasse";"OBSERVED_TimeSeries";"ERTRAG";"Np_Trockenmasse";"Dry matter of the harvested by-product, e.g. straw";"dt/ha";"BWAH";"";"";"";"kg/ha";"";"";"";""
"ERTRAG.TKG";"OBSERVED_TimeSeries";"ERTRAG";"TKG";"";"";"";"";"";"";"";"";"";"";""
"SORTE.Sorte";"OBSERVED_TimeSeries";"SORTE";"Sorte";"Name of variety";"text";"CUL_ORIG";"";"";"";"text";"";"";"";""
"SORTE.Bsa_Code";"OBSERVED_TimeSeries";"SORTE";"Bsa_Code";"BSA-Code";"code";"";"";"";"";"";"";"";"";""
"Kultur_ID";"OBSERVED_TimeSeries";".";"Kultur_ID";"";"";"";"";"";"";"";"";"";"";""
"BEMERKUNGEN.Bemerkungen";"OBSERVED_TimeSeries";"BEMERKUNGEN";"Bemerkungen";"Contains extra information";"text";"";"";"";"";"";"";"";"";""
"TECHNIK.Technik";"OBSERVED_TimeSeries";"TECHNIK";"Technik";"Name of the machine/agricultural engineering";"text";"HARM";"";"";"";"code";"list('Kartoffeln Sammelroder: HM999', 'Getreide-Mähdrescher: HM999', 'Feldhäcksler: HM999', 'Blatternte: HM999', 'Zuckerrüben Rodelader Selbstfahrer: HM999')";"";"";""
"TECHNIK.Technik";"OBSERVED_TimeSeries";"TECHNIK";"Technik";"Name of the machine/agricultural engineering";"text";"";"";"";"";"";"";"";"";"PLDS=R; PLMA=S; (deducted)"
"TECHNIK.Technik";"OBSERVED_TimeSeries";"TECHNIK";"Technik";"Name of the machine/agricultural engineering";"text";"TIIMP";"";"";"";"code";"list('Aufsattelbeetpflug: TI041', 'Kartoffelstriegel: TI014', 'Kreiselegge: TI038', 'Maishacke: TI035', 'Rübenhacke: TI035', 'Walze: TI024', 'Grubber: TI011', 'Scheibenegge: TI008')";"";"";""
"TECHNIK.Technik";"OBSERVED_TimeSeries";"TECHNIK";"Technik";"Name of the machine/agricultural engineering";"text";"*cond";"function(df) { if(df$Mineralisch==1, FECD, OMCD }";"df=DUENGUNG";"";"code";"list('Stalldungstreuer: AP001', 'Düngerstreuer: AP001')";"";"";""
"TECHNIK.Technik";"OBSERVED_TimeSeries";"TECHNIK";"Technik";"Name of the machine/agricultural engineering";"text";"CHACD";"";"";"";"code";"list('Pflanzenschutzspritze: AP006')";"";"";""
"TECHNIK.Beschreibung";"OBSERVED_TimeSeries";"TECHNIK";"Beschreibung";"Additional information about the agricultural engineering";"text";"";"";"";"";"";"";"";"";""
"TECHNIK.Arbeitsbreite";"OBSERVED_TimeSeries";"TECHNIK";"Arbeitsbreite";"Working width of the agricultural machine (in m)";"m";"";"";"";"";"";"";"";"";""
"TECHNIK.Reihenabstand";"OBSERVED_TimeSeries";"TECHNIK";"Reihenabstand";"Row distance (in cm)";"cm";"";"";"";"";"";"";"";"";""
"TECHNIK.Reihenanzahl";"OBSERVED_TimeSeries";"TECHNIK";"Reihenanzahl";"Number of aggregates, e.g. drill rows per drill equipment";"number";"";"";"";"";"";"";"";"";""
"BODENLABORWERTE.Obergrenze";NA;"BODENLABORWERTE";"Obergrenze";"Upper depth (in cm) of soil sample";"cm";"*ICTL";"";"";"";"cm";"";"";"";""
"BODENLABORWERTE.Termin";NA;"BODENLABORWERTE";"Termin";"Date";"date";"*ICDAT";"";"";"";"date";"";"";"";""
"BODENLABORWERTE.Untergrenze";NA;"BODENLABORWERTE";"Untergrenze";"Lower depth (in cm) of soil sample";"cm";"*ICBL";"";"";"";"cm";"";"";"";""
"ERNTE.Stroh_von_der_Parzelle_entfernt";NA;"ERNTE";"Stroh_von_der_Parzelle_entfernt";"Straw removed from the plot";"boolean";"";"";"";"";"";"";"";"";""
"ERTRAG.Tausendkornmasse";NA;"ERTRAG";"Tausendkornmasse";"Mass of 1000 grains in gram";"g";"";"";"";"";"";"";"";"";""
"AUSSAAT.Saatstaerke_Anzahl";NA;"AUSSAAT";"Saatstaerke_Anzahl";"Seeding rate, total number of seeds per area";"number/ha";"";"";"";"";"";"";"";"";""
"DU_ID";NA;".";"DU_ID";"";"";"*cond";"function(df) { if(df$Mineralisch==1, FE, OM }";"df=DUENGUNG";"";"";"";"";"";"Change as a function of crop? function(df){ if(df$CRID %in% c(), , ) }"
"DUENGUNG.Frischmasse";NA;"DUENGUNG";"Frischmasse";"Mass of applied fresh organic fertilizer (dt/ha)";"dt/ha";"OMFWT";"";"";"";"kg/ha";"";"";"";""
"DUENGUNG.Gesamt_Stickstoff";NA;"DUENGUNG";"Gesamt_Stickstoff";"Mass of total nitrogen (kg per hectare, pure nutrient) which was applied to the plot with organic and mineral fertilizer";"kg/ha";"";"";"";"";"";"";"";"";""
"DUENGUNG.Kalium_In_Frischmasse";NA;"DUENGUNG";"Kalium_In_Frischmasse";"Potassium content (%) in fresh matter of the organic fertilizer";"%";"";"";"";"";"";"";"";"";""
"DUENGUNG.Kalium_In_Trockenmasse";NA;"DUENGUNG";"Kalium_In_Trockenmasse";"Potassium content (%) in dry matter of the organic fertilizer";"%";"OMK%";"";"";"";"%";"";"";"";""
"DUENGUNG.Magnesium";NA;"DUENGUNG";"Magnesium";"Amount of magnesium (kg per hectare, pure nutrient) which was applied to the plot with mineral fertilizer";"kg/ha";"FEAMM";"";"";"";"kg/ha";"";"";"";""
"DUENGUNG.Magnesium_In_Frischmasse";NA;"DUENGUNG";"Magnesium_In_Frischmasse";"Magnesium content (%) in fresh matter of the organic fertilizer";"%";"";"";"";"";"";"";"";"";""
"DUENGUNG.Magnesium_In_Trockenmasse";NA;"DUENGUNG";"Magnesium_In_Trockenmasse";"Magnesium content (%) in dry matter of the organic fertilizer";"%";"";"";"";"";"";"";"";"";""
"DUENGUNG.Masse_mineralisch";NA;"DUENGUNG";"Masse_mineralisch";"Mass of applied mineral fertilizer";"dt/ha";"FEAM";"";"";"";"kg/ha";"";"";"";""
"DUENGUNG.Mineralisch";NA;"DUENGUNG";"Mineralisch";"If value =1 mineral fertilizer was applied to the trial area";"boolean";"";"";"";"";"";"";"";"";""
"DUENGUNG.Organisch";NA;"DUENGUNG";"Organisch";"If value =1 organic fertilizer was applied to the trial area";"boolean";"";"";"";"";"";"";"";"";""
"DUENGUNG.Phoshor_In_Frischmasse";NA;"DUENGUNG";"Phoshor_In_Frischmasse";"Phosphorus content (%) in fresh matter of the organic fertilizer";"%";"";"";"";"";"";"";"";"";""
"DUENGUNG.Phosphor_In_Trockenmasse";NA;"DUENGUNG";"Phosphor_In_Trockenmasse";"Phosphorus content (%) in dry matter of the organic fertilizer";"%";"OMP%";"";"";"";"%";"";"";"";""
"DUENGUNG.Schwefel";NA;"DUENGUNG";"Schwefel";"Amount of sulfur (kg per hectare, pure nutrient) which was applied to the plot with mineral fertilizer";"kg/ha";"FEAMS";"";"";"";"kg/ha";"";"";"";""
"DUENGUNG.Stickstoff_In_Frischmasse";NA;"DUENGUNG";"Stickstoff_In_Frischmasse";"Nitrogen content (%) in fresh matter of the organic fertilizer";"%";"";"";"";"";"";"";"";"";""
"DUENGUNG.Stickstoff_In_Trockenmasse";NA;"DUENGUNG";"Stickstoff_In_Trockenmasse";"Nitrogen content (%) in dry matter of the organic fertilizer";"%";"OMN%";"";"";"";"%";"";"";"";""
"DUENGUNG.Stroh_auf_der_Parzelle_verblieben";NA;"DUENGUNG";"Stroh_auf_der_Parzelle_verblieben";"Straw remained on the plot";"boolean";"";"";"";"";"";"";"";"";""
"DUENGUNG.Trockenmasse";NA;"DUENGUNG";"Trockenmasse";"Mass of applied dried organic fertilizer (minus the mass of water, in decitons per hectare)";"dt/ha";"OMAMT";"";"";"";"kg/ha";"";"";"";""
"DUENGUNG.Trockensubstanz";NA;"DUENGUNG";"Trockensubstanz";"Proportion of dry organic matter of total fresh matter in organic fertilizer (%)";"%";"";"";"";"";"";"";"";"";""
"KLIMADATEN.Himmel";NA;"KLIMADATEN";"Himmel";"Description of the sky";"text";"";"";"";"";"";"";"";"";""
"KLIMADATEN.Luftfeuchte";NA;"KLIMADATEN";"Luftfeuchte";"Average relative humidity (day)";"%";"RHAVD";"";"";"";"%";"";"";"";""
"KLIMADATEN.Niederschlag_Summe";NA;"KLIMADATEN";"Niederschlag_Summe";"Sum of precipitation per day (in mm)";"mm";"RAIN";"";"";"";"mm";"";"";"";""
"KLIMADATEN.Partialdruck";NA;"KLIMADATEN";"Partialdruck";"Average vapor pressure (day)";"";"VPRSD";"";"";"";"kPa";"";"";"";""
"KLIMADATEN.Sonnenstunden";NA;"KLIMADATEN";"Sonnenstunden";"Hours of sunshine per day";"h";"DAYD";"";"";"";"h";"";"";"";""
"KLIMADATEN.T_Max_2m";NA;"KLIMADATEN";"T_Max_2m";"Maximum daily temperature in 2 m height (day)";"degree_C";"TMAX";"";"";"";"degree_C";"";"";"";""
"KLIMADATEN.T_Min_2m";NA;"KLIMADATEN";"T_Min_2m";"Minimum daily temperature in 2 m height (day)";"degree_C";"TMIN";"";"";"";"degree_C";"";"";"";""
"KLIMADATEN.T_Min_5cm";NA;"KLIMADATEN";"T_Min_5cm";"Average daily temperature on ground level (5cm)";"degree_C";"";"";"";"";"degree_C";"";"";"";""
"KLIMADATEN.T_Mit_2m";NA;"KLIMADATEN";"T_Mit_2m";"Average day temperature in 2 m height";"degree_C";"TAVD";"";"";"";"degree_C";"";"";"";""
"KLIMADATEN.Termin";NA;"KLIMADATEN";"Termin";"Date";"date";"W_DATE";"";"";"";"date";"";"";"";""
"KLIMADATEN.Wind";NA;"KLIMADATEN";"Wind";"Average wind velocity (day)";"";"WIND";"";"";"";"km/d";"";"";"";""
"PFLANZENLABORWERTE.Bruehe";NA;"PFLANZENLABORWERTE";"Bruehe";"Mixture of water and plant protection and/or fertilizer as used by sprayers";"boolean";"";"";"";"";"";"";"";"";""
"PFLANZENLABORWERTE.Ec_Code";NA;"PFLANZENLABORWERTE";"Ec_Code";"EC-Code";"code";"";"";"";"";"";"";"";"";""
"PFLANZENLABORWERTE.Entwicklungsstadium";NA;"PFLANZENLABORWERTE";"Entwicklungsstadium";"Name of plant growing stage";"text";"";"";"";"";"";"";"";"";""
"PFLANZENLABORWERTE.Entwicklungsstadium_Beschreibung";NA;"PFLANZENLABORWERTE";"Entwicklungsstadium_Beschreibung";"Description of plant growing stage";"text";"";"";"";"";"";"";"";"";""
"PFLANZENLABORWERTE.Termin";NA;"PFLANZENLABORWERTE";"Termin";"Date";"date";"";"";"";"";"";"";"";"";""
"PFLANZENSCHUTZ.Person_Nachname";NA;"PFLANZENSCHUTZ";"Person_Nachname";"Family name";"text";"";"";"";"";"";"";"";"";""
"PFLANZENSCHUTZ.Person_Vorname";NA;"PFLANZENSCHUTZ";"Person_Vorname";"First Name";"text";"";"";"";"";"";"";"";"";""
"PFLANZENSCHUTZ.Pflanzenschutzmittel_Zulassungsnummer";NA;"PFLANZENSCHUTZ";"Pflanzenschutzmittel_Zulassungsnummer";"Authorisation Numbers (BVL) for plant protection products in Germany";"code";"";"";"";"";"";"";"";"";""
"PFLANZENSCHUTZ.Tankmischung";NA;"PFLANZENSCHUTZ";"Tankmischung";"Was the plant protection mixed within the container? Yes=1 ; No=0";"boolean";"";"";"";"";"";"";"";"";""
"DU_ID";NA;".";"DU_ID";"";"";"";"";"";"";"";"";"";"";""
"FRUCHTFOLGE.Fruchtfolge1";NA;"FRUCHTFOLGE";"Fruchtfolge1";"chronological sequence of crop species grown on an agricultural land in the course of the growing season and years";"";"";"";"";"";"";"";"";"";""
"FRUCHTFOLGE.FruchtfolgeX";NA;"FRUCHTFOLGE";"FruchtfolgeX";"chronological sequence of crop species grown on an agricultural land in the course of the growing season and years";"";"";"";"";"";"";"";"";"";""
"PARZELLE.Parzelle";NA;"PARZELLE";"Parzelle";"Plot number or name on the trial area";"text";"";"";"";"";"";"";"";"";""
"PARZELLE.Wiederholung";NA;"PARZELLE";"Wiederholung";"Name of replication";"";"";"";"";"";"";"";"";"";""
"SAAT_PFLANZGUT.Anbaustufe";NA;"SAAT_PFLANZGUT";"Anbaustufe";"Name of seed certificate";"text";"";"";"";"";"";"";"";"";""
"SAAT_PFLANZGUT.Anbaustufe_Beschreibung";NA;"SAAT_PFLANZGUT";"Anbaustufe_Beschreibung";"Description of seed certificate";"text";"";"";"";"";"";"";"";"";""
"SAAT_PFLANZGUT.Keimfaehigkeit";NA;"SAAT_PFLANZGUT";"Keimfaehigkeit";"Germination rate of seeds";"ratio";"PLG%";"";"";"";"%";"";"";"";""
"SAAT_PFLANZGUT.Reinheit";NA;"SAAT_PFLANZGUT";"Reinheit";"Purity of seeds in per cent";"%";"";"";"";"";"";"";"";"";""
"SAAT_PFLANZGUT.Zwischenfrucht";NA;"SAAT_PFLANZGUT";"Zwischenfrucht";"Cultivation as catch crop";"boolean";"";"";"";"";"";"";"";"";""
